<?xml version='1.0' encoding='UTF-8' standalone='yes'?>
<WORKSPACE>
 <FRAME activewindow="0">
  <PLACEMENT>2c00000002000000030000000083ffff0083ffffffffffffffffffffabffffffa5000000d505000095040000</PLACEMENT>
  <WINDOW type="default" module="ISIS"/>
  <WINDOW type="default" module="ARES"/>
 </FRAME>
 <MODULE name="VSMDEBUG">
  <PWI>
   <POPUP w="800" x="38" flags="00000002" y="129" h="200" pid="0" iid="-1">
    <PROPERTIES>
     <ITEM name="Message Column Width">663</ITEM>
     <ITEM name="ShowGrid">No</ITEM>
     <ITEM name="Source Column Width">100</ITEM>
     <ITEM name="Time Column Width">120</ITEM>
     <ITEM name="Version">100</ITEM>
    </PROPERTIES>
   </POPUP>
   <POPUP w="350" x="58" flags="00000032" y="149" h="200" pid="1" iid="-1">
    <PROPERTIES>
     <ITEM name="Address Column Width">83</ITEM>
     <ITEM name="AutoResize">No</ITEM>
     <ITEM name="Gridlines">Yes</ITEM>
     <ITEM name="Name Column Width">83</ITEM>
     <ITEM name="ShowAddresses">Yes</ITEM>
     <ITEM name="ShowPreviousValues">No</ITEM>
     <ITEM name="ShowTypes">No</ITEM>
     <ITEM name="ShowWatchPoint">Yes</ITEM>
     <ITEM name="TriggerMode">0</ITEM>
     <ITEM name="Value Column Width">83</ITEM>
     <ITEM name="Version">100</ITEM>
     <ITEM name="Watch Expression Column Width">83</ITEM>
     <ITEM name="nItems">0</ITEM>
    </PROPERTIES>
   </POPUP>
   <POPUP w="16" x="78" flags="0000000a" y="169" h="32" pid="400" iid="1">
    <PROPERTIES>
     <ITEM name="DataType">2</ITEM>
     <ITEM name="DispChars">Yes</ITEM>
     <ITEM name="DispFormat">2</ITEM>
     <ITEM name="ShowChanges">Yes</ITEM>
     <ITEM name="ShowToolTips">Yes</ITEM>
     <ITEM name="TopLineAddress">08000000</ITEM>
    </PROPERTIES>
   </POPUP>
   <POPUP w="16" x="98" flags="0000000a" y="189" h="32" pid="500" iid="1">
    <PROPERTIES>
     <ITEM name="DataType">2</ITEM>
     <ITEM name="DispChars">Yes</ITEM>
     <ITEM name="DispFormat">2</ITEM>
     <ITEM name="ShowChanges">Yes</ITEM>
     <ITEM name="ShowToolTips">Yes</ITEM>
     <ITEM name="TopLineAddress">50020000</ITEM>
    </PROPERTIES>
   </POPUP>
   <POPUP w="16" x="118" flags="0000000a" y="209" h="32" pid="300" iid="1">
    <PROPERTIES>
     <ITEM name="DataType">2</ITEM>
     <ITEM name="DispChars">Yes</ITEM>
     <ITEM name="DispFormat">2</ITEM>
     <ITEM name="ShowChanges">Yes</ITEM>
     <ITEM name="ShowToolTips">Yes</ITEM>
     <ITEM name="TopLineAddress">40023800</ITEM>
    </PROPERTIES>
   </POPUP>
   <POPUP w="16" x="138" flags="0000000a" y="229" h="32" pid="800" iid="1">
    <PROPERTIES>
     <ITEM name="DataType">2</ITEM>
     <ITEM name="DispChars">Yes</ITEM>
     <ITEM name="DispFormat">2</ITEM>
     <ITEM name="ShowChanges">Yes</ITEM>
     <ITEM name="ShowToolTips">Yes</ITEM>
     <ITEM name="TopLineAddress">40013C00</ITEM>
    </PROPERTIES>
   </POPUP>
   <POPUP w="16" x="158" flags="0000000a" y="249" h="32" pid="1500" iid="1">
    <PROPERTIES>
     <ITEM name="DataType">2</ITEM>
     <ITEM name="DispChars">Yes</ITEM>
     <ITEM name="DispFormat">2</ITEM>
     <ITEM name="ShowChanges">Yes</ITEM>
     <ITEM name="ShowToolTips">Yes</ITEM>
     <ITEM name="TopLineAddress">40020000</ITEM>
    </PROPERTIES>
   </POPUP>
   <POPUP w="16" x="178" flags="0000000a" y="269" h="32" pid="1600" iid="1">
    <PROPERTIES>
     <ITEM name="DataType">2</ITEM>
     <ITEM name="DispChars">Yes</ITEM>
     <ITEM name="DispFormat">2</ITEM>
     <ITEM name="ShowChanges">Yes</ITEM>
     <ITEM name="ShowToolTips">Yes</ITEM>
     <ITEM name="TopLineAddress">40020400</ITEM>
    </PROPERTIES>
   </POPUP>
   <POPUP w="16" x="198" flags="0000000a" y="289" h="32" pid="1700" iid="1">
    <PROPERTIES>
     <ITEM name="DataType">2</ITEM>
     <ITEM name="DispChars">Yes</ITEM>
     <ITEM name="DispFormat">2</ITEM>
     <ITEM name="ShowChanges">Yes</ITEM>
     <ITEM name="ShowToolTips">Yes</ITEM>
     <ITEM name="TopLineAddress">40020800</ITEM>
    </PROPERTIES>
   </POPUP>
   <POPUP w="16" x="218" flags="0000000a" y="309" h="32" pid="1800" iid="1">
    <PROPERTIES>
     <ITEM name="DataType">2</ITEM>
     <ITEM name="DispChars">Yes</ITEM>
     <ITEM name="DispFormat">2</ITEM>
     <ITEM name="ShowChanges">Yes</ITEM>
     <ITEM name="ShowToolTips">Yes</ITEM>
     <ITEM name="TopLineAddress">40020C00</ITEM>
    </PROPERTIES>
   </POPUP>
   <POPUP w="16" x="238" flags="0000000a" y="329" h="32" pid="1900" iid="1">
    <PROPERTIES>
     <ITEM name="DataType">2</ITEM>
     <ITEM name="DispChars">Yes</ITEM>
     <ITEM name="DispFormat">2</ITEM>
     <ITEM name="ShowChanges">Yes</ITEM>
     <ITEM name="ShowToolTips">Yes</ITEM>
     <ITEM name="TopLineAddress">40021000</ITEM>
    </PROPERTIES>
   </POPUP>
   <POPUP w="16" x="258" flags="0000000a" y="349" h="32" pid="2200" iid="1">
    <PROPERTIES>
     <ITEM name="DataType">2</ITEM>
     <ITEM name="DispChars">Yes</ITEM>
     <ITEM name="DispFormat">2</ITEM>
     <ITEM name="ShowChanges">Yes</ITEM>
     <ITEM name="ShowToolTips">Yes</ITEM>
     <ITEM name="TopLineAddress">40021C00</ITEM>
    </PROPERTIES>
   </POPUP>
   <POPUP w="16" x="278" flags="0000000a" y="369" h="32" pid="4500" iid="1">
    <PROPERTIES>
     <ITEM name="DataType">2</ITEM>
     <ITEM name="DispChars">Yes</ITEM>
     <ITEM name="DispFormat">2</ITEM>
     <ITEM name="ShowChanges">Yes</ITEM>
     <ITEM name="ShowToolTips">Yes</ITEM>
     <ITEM name="TopLineAddress">40010000</ITEM>
    </PROPERTIES>
   </POPUP>
   <POPUP w="16" x="298" flags="0000000a" y="389" h="32" pid="2300" iid="1">
    <PROPERTIES>
     <ITEM name="DataType">2</ITEM>
     <ITEM name="DispChars">Yes</ITEM>
     <ITEM name="DispFormat">2</ITEM>
     <ITEM name="ShowChanges">Yes</ITEM>
     <ITEM name="ShowToolTips">Yes</ITEM>
     <ITEM name="TopLineAddress">40000000</ITEM>
    </PROPERTIES>
   </POPUP>
   <POPUP w="16" x="318" flags="0000000a" y="409" h="32" pid="2600" iid="1">
    <PROPERTIES>
     <ITEM name="DataType">2</ITEM>
     <ITEM name="DispChars">Yes</ITEM>
     <ITEM name="DispFormat">2</ITEM>
     <ITEM name="ShowChanges">Yes</ITEM>
     <ITEM name="ShowToolTips">Yes</ITEM>
     <ITEM name="TopLineAddress">40000C00</ITEM>
    </PROPERTIES>
   </POPUP>
   <POPUP w="16" x="338" flags="0000000a" y="429" h="32" pid="2400" iid="1">
    <PROPERTIES>
     <ITEM name="DataType">2</ITEM>
     <ITEM name="DispChars">Yes</ITEM>
     <ITEM name="DispFormat">2</ITEM>
     <ITEM name="ShowChanges">Yes</ITEM>
     <ITEM name="ShowToolTips">Yes</ITEM>
     <ITEM name="TopLineAddress">40000400</ITEM>
    </PROPERTIES>
   </POPUP>
   <POPUP w="16" x="358" flags="0000000a" y="449" h="32" pid="2500" iid="1">
    <PROPERTIES>
     <ITEM name="DataType">2</ITEM>
     <ITEM name="DispChars">Yes</ITEM>
     <ITEM name="DispFormat">2</ITEM>
     <ITEM name="ShowChanges">Yes</ITEM>
     <ITEM name="ShowToolTips">Yes</ITEM>
     <ITEM name="TopLineAddress">40000800</ITEM>
    </PROPERTIES>
   </POPUP>
   <POPUP w="16" x="378" flags="0000000a" y="469" h="32" pid="2700" iid="1">
    <PROPERTIES>
     <ITEM name="DataType">2</ITEM>
     <ITEM name="DispChars">Yes</ITEM>
     <ITEM name="DispFormat">2</ITEM>
     <ITEM name="ShowChanges">Yes</ITEM>
     <ITEM name="ShowToolTips">Yes</ITEM>
     <ITEM name="TopLineAddress">40013000</ITEM>
    </PROPERTIES>
   </POPUP>
   <POPUP w="16" x="398" flags="0000000a" y="489" h="32" pid="2800" iid="1">
    <PROPERTIES>
     <ITEM name="DataType">2</ITEM>
     <ITEM name="DispChars">Yes</ITEM>
     <ITEM name="DispFormat">2</ITEM>
     <ITEM name="ShowChanges">Yes</ITEM>
     <ITEM name="ShowToolTips">Yes</ITEM>
     <ITEM name="TopLineAddress">40003800</ITEM>
    </PROPERTIES>
   </POPUP>
   <POPUP w="16" x="418" flags="0000000a" y="509" h="32" pid="2900" iid="1">
    <PROPERTIES>
     <ITEM name="DataType">2</ITEM>
     <ITEM name="DispChars">Yes</ITEM>
     <ITEM name="DispFormat">2</ITEM>
     <ITEM name="ShowChanges">Yes</ITEM>
     <ITEM name="ShowToolTips">Yes</ITEM>
     <ITEM name="TopLineAddress">40003C00</ITEM>
    </PROPERTIES>
   </POPUP>
   <POPUP w="16" x="438" flags="0000000a" y="529" h="32" pid="3000" iid="1">
    <PROPERTIES>
     <ITEM name="DataType">2</ITEM>
     <ITEM name="DispChars">Yes</ITEM>
     <ITEM name="DispFormat">2</ITEM>
     <ITEM name="ShowChanges">Yes</ITEM>
     <ITEM name="ShowToolTips">Yes</ITEM>
     <ITEM name="TopLineAddress">40013400</ITEM>
    </PROPERTIES>
   </POPUP>
   <POPUP w="16" x="458" flags="0000000a" y="549" h="32" pid="3100" iid="1">
    <PROPERTIES>
     <ITEM name="DataType">2</ITEM>
     <ITEM name="DispChars">Yes</ITEM>
     <ITEM name="DispFormat">2</ITEM>
     <ITEM name="ShowChanges">Yes</ITEM>
     <ITEM name="ShowToolTips">Yes</ITEM>
     <ITEM name="TopLineAddress">40011000</ITEM>
    </PROPERTIES>
   </POPUP>
   <POPUP w="16" x="478" flags="0000000a" y="569" h="32" pid="3200" iid="1">
    <PROPERTIES>
     <ITEM name="DataType">2</ITEM>
     <ITEM name="DispChars">Yes</ITEM>
     <ITEM name="DispFormat">2</ITEM>
     <ITEM name="ShowChanges">Yes</ITEM>
     <ITEM name="ShowToolTips">Yes</ITEM>
     <ITEM name="TopLineAddress">40004400</ITEM>
    </PROPERTIES>
   </POPUP>
   <POPUP w="16" x="498" flags="0000000a" y="589" h="32" pid="3600" iid="1">
    <PROPERTIES>
     <ITEM name="DataType">2</ITEM>
     <ITEM name="DispChars">Yes</ITEM>
     <ITEM name="DispFormat">2</ITEM>
     <ITEM name="ShowChanges">Yes</ITEM>
     <ITEM name="ShowToolTips">Yes</ITEM>
     <ITEM name="TopLineAddress">40011400</ITEM>
    </PROPERTIES>
   </POPUP>
   <POPUP w="16" x="518" flags="0000000a" y="609" h="32" pid="3700" iid="1">
    <PROPERTIES>
     <ITEM name="DataType">2</ITEM>
     <ITEM name="DispChars">Yes</ITEM>
     <ITEM name="DispFormat">2</ITEM>
     <ITEM name="ShowChanges">Yes</ITEM>
     <ITEM name="ShowToolTips">Yes</ITEM>
     <ITEM name="TopLineAddress">40005400</ITEM>
    </PROPERTIES>
   </POPUP>
   <POPUP w="16" x="538" flags="0000000a" y="629" h="32" pid="3800" iid="1">
    <PROPERTIES>
     <ITEM name="DataType">2</ITEM>
     <ITEM name="DispChars">Yes</ITEM>
     <ITEM name="DispFormat">2</ITEM>
     <ITEM name="ShowChanges">Yes</ITEM>
     <ITEM name="ShowToolTips">Yes</ITEM>
     <ITEM name="TopLineAddress">40005800</ITEM>
    </PROPERTIES>
   </POPUP>
   <POPUP w="16" x="558" flags="0000000a" y="649" h="32" pid="3900" iid="1">
    <PROPERTIES>
     <ITEM name="DataType">2</ITEM>
     <ITEM name="DispChars">Yes</ITEM>
     <ITEM name="DispFormat">2</ITEM>
     <ITEM name="ShowChanges">Yes</ITEM>
     <ITEM name="ShowToolTips">Yes</ITEM>
     <ITEM name="TopLineAddress">40005C00</ITEM>
    </PROPERTIES>
   </POPUP>
   <POPUP w="16" x="578" flags="0000000a" y="669" h="32" pid="4000" iid="1">
    <PROPERTIES>
     <ITEM name="DataType">2</ITEM>
     <ITEM name="DispChars">Yes</ITEM>
     <ITEM name="DispFormat">2</ITEM>
     <ITEM name="ShowChanges">Yes</ITEM>
     <ITEM name="ShowToolTips">Yes</ITEM>
     <ITEM name="TopLineAddress">50000000</ITEM>
    </PROPERTIES>
   </POPUP>
   <POPUP w="16" x="598" flags="0000000a" y="689" h="32" pid="5200" iid="1">
    <PROPERTIES>
     <ITEM name="DataType">2</ITEM>
     <ITEM name="DispChars">Yes</ITEM>
     <ITEM name="DispFormat">2</ITEM>
     <ITEM name="ShowChanges">Yes</ITEM>
     <ITEM name="ShowToolTips">Yes</ITEM>
     <ITEM name="TopLineAddress">40007000</ITEM>
    </PROPERTIES>
   </POPUP>
   <POPUP w="16" x="618" flags="0000000a" y="709" h="32" pid="4100" iid="1">
    <PROPERTIES>
     <ITEM name="DataType">2</ITEM>
     <ITEM name="DispChars">Yes</ITEM>
     <ITEM name="DispFormat">2</ITEM>
     <ITEM name="ShowChanges">Yes</ITEM>
     <ITEM name="ShowToolTips">Yes</ITEM>
     <ITEM name="TopLineAddress">40012000</ITEM>
    </PROPERTIES>
   </POPUP>
   <POPUP w="16" x="638" flags="0000000a" y="729" h="32" pid="900" iid="1">
    <PROPERTIES>
     <ITEM name="DataType">2</ITEM>
     <ITEM name="DispChars">Yes</ITEM>
     <ITEM name="DispFormat">2</ITEM>
     <ITEM name="ShowChanges">Yes</ITEM>
     <ITEM name="ShowToolTips">Yes</ITEM>
     <ITEM name="TopLineAddress">40002800</ITEM>
    </PROPERTIES>
   </POPUP>
   <POPUP w="16" x="658" flags="0000000a" y="749" h="32" pid="4200" iid="1">
    <PROPERTIES>
     <ITEM name="DataType">2</ITEM>
     <ITEM name="DispChars">Yes</ITEM>
     <ITEM name="DispFormat">2</ITEM>
     <ITEM name="ShowChanges">Yes</ITEM>
     <ITEM name="ShowToolTips">Yes</ITEM>
     <ITEM name="TopLineAddress">40014000</ITEM>
    </PROPERTIES>
   </POPUP>
   <POPUP w="16" x="678" flags="0000000a" y="769" h="32" pid="4300" iid="1">
    <PROPERTIES>
     <ITEM name="DataType">2</ITEM>
     <ITEM name="DispChars">Yes</ITEM>
     <ITEM name="DispFormat">2</ITEM>
     <ITEM name="ShowChanges">Yes</ITEM>
     <ITEM name="ShowToolTips">Yes</ITEM>
     <ITEM name="TopLineAddress">40014400</ITEM>
    </PROPERTIES>
   </POPUP>
   <POPUP w="16" x="698" flags="0000000a" y="789" h="32" pid="4400" iid="1">
    <PROPERTIES>
     <ITEM name="DataType">2</ITEM>
     <ITEM name="DispChars">Yes</ITEM>
     <ITEM name="DispFormat">2</ITEM>
     <ITEM name="ShowChanges">Yes</ITEM>
     <ITEM name="ShowToolTips">Yes</ITEM>
     <ITEM name="TopLineAddress">40014800</ITEM>
    </PROPERTIES>
   </POPUP>
   <POPUP w="16" x="718" flags="0000000a" y="809" h="32" pid="600" iid="1">
    <PROPERTIES>
     <ITEM name="DataType">2</ITEM>
     <ITEM name="DispChars">Yes</ITEM>
     <ITEM name="DispFormat">2</ITEM>
     <ITEM name="ShowChanges">Yes</ITEM>
     <ITEM name="ShowToolTips">Yes</ITEM>
     <ITEM name="TopLineAddress">1FFF0000</ITEM>
    </PROPERTIES>
   </POPUP>
   <POPUP w="16" x="738" flags="0000000a" y="829" h="32" pid="200" iid="1">
    <PROPERTIES>
     <ITEM name="DataType">2</ITEM>
     <ITEM name="DispChars">Yes</ITEM>
     <ITEM name="DispFormat">2</ITEM>
     <ITEM name="ShowChanges">Yes</ITEM>
     <ITEM name="ShowToolTips">Yes</ITEM>
     <ITEM name="TopLineAddress">E000E000</ITEM>
    </PROPERTIES>
   </POPUP>
   <POPUP w="16" x="758" flags="0000000a" y="849" h="32" pid="1300" iid="1">
    <PROPERTIES>
     <ITEM name="DataType">2</ITEM>
     <ITEM name="DispChars">Yes</ITEM>
     <ITEM name="DispFormat">2</ITEM>
     <ITEM name="ShowChanges">Yes</ITEM>
     <ITEM name="ShowToolTips">Yes</ITEM>
     <ITEM name="TopLineAddress">40026000</ITEM>
    </PROPERTIES>
   </POPUP>
   <POPUP w="16" x="778" flags="0000000a" y="869" h="32" pid="1400" iid="1">
    <PROPERTIES>
     <ITEM name="DataType">2</ITEM>
     <ITEM name="DispChars">Yes</ITEM>
     <ITEM name="DispFormat">2</ITEM>
     <ITEM name="ShowChanges">Yes</ITEM>
     <ITEM name="ShowToolTips">Yes</ITEM>
     <ITEM name="TopLineAddress">40026400</ITEM>
    </PROPERTIES>
   </POPUP>
   <POPUP w="16" x="798" flags="0000000a" y="889" h="32" pid="1100" iid="1">
    <PROPERTIES>
     <ITEM name="DataType">2</ITEM>
     <ITEM name="DispChars">Yes</ITEM>
     <ITEM name="DispFormat">2</ITEM>
     <ITEM name="ShowChanges">Yes</ITEM>
     <ITEM name="ShowToolTips">Yes</ITEM>
     <ITEM name="TopLineAddress">40003000</ITEM>
    </PROPERTIES>
   </POPUP>
   <POPUP w="16" x="818" flags="0000000a" y="909" h="32" pid="1200" iid="1">
    <PROPERTIES>
     <ITEM name="DataType">2</ITEM>
     <ITEM name="DispChars">Yes</ITEM>
     <ITEM name="DispFormat">2</ITEM>
     <ITEM name="ShowChanges">Yes</ITEM>
     <ITEM name="ShowToolTips">Yes</ITEM>
     <ITEM name="TopLineAddress">40002C00</ITEM>
    </PROPERTIES>
   </POPUP>
   <POPUP w="16" x="838" flags="0000000a" y="929" h="32" pid="1000" iid="1">
    <PROPERTIES>
     <ITEM name="DataType">2</ITEM>
     <ITEM name="DispChars">Yes</ITEM>
     <ITEM name="DispFormat">2</ITEM>
     <ITEM name="ShowChanges">Yes</ITEM>
     <ITEM name="ShowToolTips">Yes</ITEM>
     <ITEM name="TopLineAddress">40023000</ITEM>
    </PROPERTIES>
   </POPUP>
   <POPUP w="600" x="858" flags="0000002b" y="632" h="400" pid="100" iid="1">
    <PROPERTIES>
     <ITEM name="CaseSensitive">No</ITEM>
     <ITEM name="DISPADDRS">Yes</ITEM>
     <ITEM name="DISPLNUMS">No</ITEM>
     <ITEM name="DISPOPCODES">No</ITEM>
     <ITEM name="FIXUPBPTS">Yes</ITEM>
     <ITEM name="WordsOnly">No</ITEM>
     <ITEM name="nBreakpoints">0</ITEM>
    </PROPERTIES>
   </POPUP>
   <POPUP w="300" x="878" flags="0000000b" y="732" h="300" pid="101" iid="1">
    <PROPERTIES>
     <ITEM name="Address Column Width">94</ITEM>
     <ITEM name="AutoResize">No</ITEM>
     <ITEM name="Gridlines">Yes</ITEM>
     <ITEM name="Name Column Width">94</ITEM>
     <ITEM name="ShowAddresses">Yes</ITEM>
     <ITEM name="ShowGlobals">Yes</ITEM>
     <ITEM name="ShowPreviousValues">No</ITEM>
     <ITEM name="ShowTypes">No</ITEM>
     <ITEM name="ShowWatchPoint">No</ITEM>
     <ITEM name="TriggerMode">0</ITEM>
     <ITEM name="Value Column Width">94</ITEM>
     <ITEM name="Version">100</ITEM>
     <ITEM name="nItems">0</ITEM>
    </PROPERTIES>
   </POPUP>
   <POPUP w="226" x="898" flags="00000008" y="989" h="182" pid="103" iid="1">
    <PROPERTIES/>
   </POPUP>
   <POPUP w="320" x="918" flags="0000000b" y="792" h="240" pid="105" iid="1">
    <PROPERTIES/>
   </POPUP>
   <POPUP w="170" x="938" flags="00000008" y="1014" h="237" pid="3701" iid="1">
    <PROPERTIES/>
   </POPUP>
   <POPUP w="170" x="958" flags="00000008" y="1014" h="237" pid="3801" iid="1">
    <PROPERTIES/>
   </POPUP>
   <POPUP w="170" x="978" flags="00000008" y="1014" h="237" pid="3901" iid="1">
    <PROPERTIES/>
   </POPUP>
  </PWI>
 </MODULE>
</WORKSPACE>
